No.,IoT IMEI,Vehicle SN
1,867584039495531,P0S4K2126C0015
2,867584034671680,867584034671680
3,867584034692587,867584034692587
4,867584035166342,867584035166342
5,867584035167308,867584035167308
6,867584035183727,867584035183727
7,867584035489702,867584035489702
8,867584035501431,867584035501431
9,867584035501563,867584035501563
10,867584034686597,867584034686597
11,867584035160121,867584035160121
12,867584035497366,867584035497366
13,867584035501571,867584035501571
14,867584035491294,CBS0E2123C0769
15,868020030156433,CBS0E2123C0874
16,867584035501266,CBS0E2123C0955
17,861123051046587,861123051046587
18,867584039517300,867584039517300
19,867584039453647,N4ZKE2038C0001
20,867584039473074,N4ZKE2038C0002
21,867584039499400,N4ZKE2038C0004
22,867584039503524,N4ZKE2038C0005
23,860537060626850,N4ZKE2038C0006
24,867584039501247,N4ZKE2038C0007
25,861123056341645,N4ZKE2038C0010
26,867584039463133,N4ZKE2038C0011
27,867584039497073,N4ZKE2038C0016
28,867584039507004,N4ZKE2038C0019
29,867584039495747,N4ZKE2038C0020
30,867584039496877,N4ZKE2038C0021
31,867584035480404,N4ZKE2038C0023
32,867584039503631,N4ZKE2038C0025
33,861123059153682,N4ZKE2038C0030
34,867584039461830,N4ZKE2038C0032
35,867584035488712,N4ZKE2038C0033
36,867584038110263,N4ZKE2038C0036
37,867584039497875,N4ZKE2038C0038
38,867584039466326,N4ZKE2038C0039
39,867584039509208,N4ZKE2038C0041
40,867584039501254,N4ZKE2038C0043
41,867584039509422,N4ZKE2038C0044
42,867584038113721,N4ZKE2038C0045
43,867584039472290,N4ZKE2038C0047
44,867584039526624,N4ZKE2038C0050
45,861123059153302,N4ZKE2038C0051
46,860537060624574,N4ZKE2038C0052
47,867584039509802,N4ZKE2038C0054
48,867584039512442,N4ZKE2038C0056
49,867584039458927,N4ZKE2038C0057
50,867584038116575,N4ZKE2038C0060
51,867584039525923,N4ZKE2038C0062
52,867584039507160,N4ZKE2038C0063
53,867584039506667,N4ZKE2038C0065
54,867584039527101,N4ZKE2038C0067
55,867584038113226,N4ZKE2038C0068
56,867584039497099,N4ZKE2038C0070
57,861123059054542,N4ZKE2038C0071
58,867584039495242,N4ZKE2038C0073
59,861123051360210,N4ZKE2038C0075
60,860537060620275,N4ZKE2038C0076
61,867584039502567,N4ZKE2038C0077
62,867584039472811,N4ZKE2038C0079
63,867584038109455,N4ZKE2038C0080
64,861123059546331,N4ZKE2038C0081
65,867584037885527,N4ZKE2038C0082
66,867584039497792,N4ZKE2038C0083
67,867584039502161,N4ZKE2038C0084
68,867584038909524,N4ZKE2038C0086
69,867584039502112,N4ZKE2038C0088
70,867584039471789,N4ZKE2038C0089
71,867584039464503,N4ZKE2038C0091
72,867584039464180,N4ZKE2038C0092
73,867584038099912,N4ZKE2038C0094
74,867584039473017,N4ZKE2038C0096
75,867584039495556,N4ZKE2038C0099
76,867584039512160,N4ZKE2038C0100
77,867584039497750,N4ZKE2038C0101
78,867584039211714,N4ZKE2038C0103
79,867584039495291,N4ZKE2038C0104
80,867584039526798,N4ZKE2038C0105
81,867584039508036,N4ZKE2038C0106
82,867584039502013,N4ZKE2038C0108
83,867584039464131,N4ZKE2038C0113
84,867584039509414,N4ZKE2038C0115
85,867584039468694,N4ZKE2038C0116
86,860537060615465,N4ZKE2038C0117
87,867584039483636,N4ZKE2038C0122
88,867584039511931,N4ZKE2038C0124
89,867584039461699,N4ZKE2038C0127
90,867584039468074,N4ZKE2038C0128
91,867584039500686,N4ZKE2038C0129
92,867584039503649,N4ZKE2038C0130
93,867584038139973,N4ZKE2038C0131
94,867584039468413,N4ZKE2038C0132
95,867584039496034,N4ZKE2038C0133
96,867584039512244,N4ZKE2038C0134
97,867584039509141,N4ZKE2038C0135
98,867584039503243,N4ZKE2038C0136
99,867584039499434,N4ZKE2038C0137
100,867584039466342,N4ZKE2038C0138
101,861123059051233,N4ZKE2038C0143
102,867584034665443,N4ZKE2038C0144
103,867584039463406,N4ZKE2038C0145
104,867584037999112,N4ZKE2038C0146
105,867584039468991,N4ZKE2038C0149
106,867584039469957,N4ZKE2038C0152
107,867584039496885,N4ZKE2038C0158
108,867584035495501,N4ZKE2038C0160
109,867584038099870,N4ZKE2038C0161
110,867584039509372,N4ZKE2038C0163
111,867584039506709,N4ZKE2038C0266
112,860537060623998,N4ZKE2038C0283
113,867584039502443,N4ZKE2038C0284
114,867584039501189,N4ZKE2038C0286
115,867584038912502,N4ZKE2038C0287
116,867584039471383,N4ZKE2038C0289
117,867584039496844,N4ZKE2038C0298
118,867584039463984,N4ZKE2038C0301
119,867584038074972,N4ZKE2038C0312
120,867584039468710,N4ZKE2038C0321
121,867584039500108,N4ZKE2038C0338
122,860537060617347,N4ZKE2038C0348
123,867584038114935,N4ZKE2038C0353
124,867584039462069,N4ZKE2038C0371
125,867584039472621,N4ZKE2038C0374
126,867584039497859,N4ZKE2038C0379
127,867584039509059,N4ZKE2038C0386
128,867584039463992,N4ZKE2038C0387
129,861123059050714,N4ZKE2038C0390
130,867584039473140,N4ZKE2038C0392
131,867584039461798,N4ZKE2038C0405
132,867584039463828,N4ZKE2038C0406
133,861123059077030,N4ZKE2038C0417
134,867584039495689,N4ZKE2038C0424
135,867584039496802,N4ZKE2038C0436
136,867584039495283,N4ZKE2038C0440
137,867584039495788,N4ZKE2038C0441
138,867584039525808,N4ZKE2038C0443
139,867584039472720,N4ZKE2038C0448
140,867584039469494,N4ZKE2038C0449
141,867584039468645,N4ZKE2038C0454
142,867584039495614,N4ZKE2038C0456
143,867584039460907,N4ZKE2038C0461
144,867584039509232,N4ZKE2038C0462
145,867584039454314,N4ZKE2038C0465
146,867584039472324,N4ZKE2038C0476
147,867584038014606,N4ZKE2038C0477
148,867584039469114,N4ZKE2038C0478
149,861123059078806,N4ZKE2038C0483
150,867584039457762,N4ZKE2038C0484
151,867584039455485,N4ZKE2038C0486
152,867584039467571,N4ZKE2038C0487
153,867584039497776,N4ZKE2038C0488
154,867584037888802,N4ZKE2038C0489
155,867584039468397,N4ZKE2038C0490
156,867584039503425,N4ZKE2038C0497
157,867584037890394,N4ZKE2038C0498
158,867584039507194,N4ZKE2038C0499
159,867584038114570,N4ZKE2038C0503
160,867584039462309,N4ZKE2038C0506
161,867584038024316,N4ZKE2038C0511
162,867584039503151,N4ZKE2038C0513
163,867584039463356,N4ZKE2038C0517
164,867584039472647,N4ZKE2038C0539
165,867584039510180,N4ZKE2038C0545
166,867584039496935,N4ZKE2038C0546
167,867584039460576,N4ZKE2038C0548
168,867584039495879,N4ZKE2038C0550
169,867584038109430,N4ZKB2035C0016
170,867584034651823,N4ZKB2035C0025
171,867584038109117,N4ZKB2035C0030
172,867584038114695,N4ZKB2035C0035
173,867584038110529,N4ZKB2035C0038
174,867584038026535,N4ZKB2035C0056
175,867584038147828,N4ZKB2035C0089
176,867584037369019,N4ZKB2035C0106
177,867584037364242,N4ZKB2035C0119
178,867584037888083,N4ZKB2035C0121
179,861123059050755,N4ZKB2035C0127
180,867584039495671,N4ZKB2035C0139
181,867584038118324,N4ZKB2035C0144
182,867584038147489,N4ZKB2035C0146
183,867584037368326,N4ZKB2035C0153
184,867584038139403,N4ZKB2035C0426
185,867584037890972,N4ZKB2035C0440
186,867584037360125,N4ZKB2035C0443
187,867584038017641,N4ZKB2035C0449
188,867584039473215,N4ZKB2035C0452
189,867584037893851,N4ZKB2035C0458
190,867584038111956,N4ZKB2035C0508
191,860537060624889,N4ZKB2035C0513
192,867584038110776,N4ZKB2035C0521
193,867584039503250,N4ZKB2035C0524
194,867584038110305,N4ZKB2035C0610
195,867584036458920,N4ZKB2035C0617
196,867584038108887,N4ZKB2035C0618
197,861123059073641,N4ZKB2035C0656
198,861123056341553,N4ZKB2035C0658
199,867584038009960,N4ZKB2035C0659
200,867584038111493,N4ZKB2035C0664
201,867584035277461,N4ZKB2035C0666
202,867584037878886,N4ZKB2035C0717
203,867584037877193,N4ZKB2035C0736
204,867584038113580,N4ZKB2035C0744
205,861123059154698,N4ZKB2035C0754
206,867584038109422,N4ZKB2035C0758
207,867584037895302,N4ZKB2035C0760
208,867584038116856,N4ZKB2035C0765
209,867584038114224,N4ZKB2035C0766
210,861123051360434,N4ZKB2035C0767
211,867584038141631,N4ZKB2035C0773
212,861123059050730,N4ZKB2035C0774
213,860537060624095,N4ZKB2035C0777
214,867584037360075,N4ZKB2035C0778
215,867584038111477,N4ZKB2035C0780
216,867584038103458,N4ZKB2035C0782
217,867584039459586,N4ZKB2035C0789
218,867584038108416,N4ZKB2035C0793
219,867584037886376,N4ZKB2035C0795
220,867584037887770,N4ZKB2035C0796
221,861123050550274,N4ZKB2035C0797
222,867584038004763,N4ZKB2035C0799
223,861123051373353,N4ZKB2035C0800
224,867584039455345,N4ZKE2038C0003
225,867584039461731,N4ZKE2038C0009
226,867584039457341,N4ZKE2038C0012
227,867584039470849,N4ZKE2038C0014
228,867584039467100,N4ZKE2038C0015
229,867584039463109,N4ZKE2038C0018
230,867584039508515,N4ZKE2038C0024
231,867584039467209,N4ZKE2038C0026
232,867584039471656,N4ZKE2038C0027
233,867584039466474,N4ZKE2038C0034
234,867584039460006,N4ZKE2038C0035
235,867584039509364,N4ZKE2038C0037
236,867584039495309,N4ZKE2038C0040
237,867584039497800,N4ZKE2038C0046
238,861123059156032,N4ZKE2038C0048
239,867584039472431,N4ZKE2038C0053
240,867584039495150,N4ZKE2038C0055
241,867584035490148,N4ZKE2038C0058
242,867584039468652,N4ZKE2038C0061
243,860537060626181,N4ZKE2038C0064
244,867584039497818,N4ZKE2038C0069
245,867584039468405,N4ZKE2038C0074
246,867584039495382,N4ZKE2038C0078
247,867584039495846,N4ZKE2038C0090
248,867584039512475,N4ZKE2038C0109
249,861123059051449,N4ZKE2038C0110
250,867584039462085,N4ZKE2038C0112
251,867584038117748,N4ZKE2038C0120
252,867584034646203,N4ZKE2038C0123
253,867584039502435,N4ZKE2038C0125
254,861123056331810,N4ZKE2038C0126
255,860537060616505,N4ZKE2038C0140
256,867584039467068,N4ZKE2038C0141
257,867584035169429,N4ZKE2038C0142
258,867584039495622,N4ZKE2038C0169
259,867584039495713,N4ZKE2038C0170
260,867584039497685,N4ZKE2038C0172
261,867584039496943,N4ZKE2038C0174
262,867584039501155,N4ZKE2038C0184
263,867584039467027,N4ZKE2038C0190
264,867584039503615,N4ZKE2038C0205
265,867584039462259,N4ZKE2038C0212
266,867584039507053,N4ZKE2038C0219
267,867584039472613,N4ZKE2038C0220
268,867584039471318,N4ZKE2038C0222
269,867584039495424,N4ZKE2038C0243
270,867584039527077,N4ZKE2038C0259
271,867584039465500,N4ZKE2038C0260
272,867584037889834,N4ZKE2038C0268
273,867584039471664,N4ZKE2038C0275
274,867584039495499,N4ZKE2038C0277
275,867584039212837,N4ZKE2038C0282
276,867584039499426,N4ZKE2038C0285
277,867584034686639,N4ZKE2038C0288
278,867584035160576,N4ZKE2038C0290
279,867584039501148,N4ZKE2038C0291
280,867584039472654,N4ZKE2038C0293
281,867584039495267,N4ZKE2038C0294
282,867584039459982,N4ZKE2038C0295
283,867584039496786,N4ZKE2038C0296
284,861123059050219,N4ZKE2038C0299
285,867584039466367,N4ZKE2038C0300
286,867584039525790,N4ZKE2038C0303
287,867584039472563,N4ZKE2038C0304
288,867584039527002,N4ZKE2038C0305
289,867584039507038,N4ZKE2038C0307
290,867584039464065,N4ZKE2038C0310
291,867584035180681,N4ZKE2038C0313
292,867584039463612,N4ZKE2038C0316
293,867584039512400,N4ZKE2038C0317
294,867584039500090,N4ZKE2038C0320
295,867584039499442,N4ZKE2038C0322
296,867584039509265,N4ZKE2038C0323
297,867584039508697,N4ZKE2038C0324
298,867584039527044,N4ZKE2038C0325
299,867584039509125,N4ZKE2038C0327
300,867584039512269,N4ZKE2038C0328
301,867584039472688,N4ZKE2038C0329
302,867584035494785,N4ZKE2038C0330
303,867584039497693,N4ZKE2038C0331
304,867584039503516,N4ZKE2038C0334
305,860537060763836,N4ZKE2038C0337
306,867584039497834,N4ZKE2038C0341
307,867584039470658,N4ZKE2038C0342
308,867584039509455,N4ZKE2038C0349
309,867584039532044,N4ZKE2038C0351
310,861123051360020,N4ZKE2038C0352
311,867584039507012,N4ZKE2038C0355
312,867584039507871,N4ZKE2038C0366
313,867584039465534,N4ZKE2038C0382
314,867584039503136,N4ZKE2038C0401
315,867584038907114,N4ZKE2038C0407
316,867584039497784,N4ZKE2038C0409
317,867584038114182,N4ZKE2038C0414
318,861123059076958,N4ZKE2038C0415
319,861123050550043,N4ZKE2038C0416
320,867584039471151,N4ZKE2038C0419
321,867584039462051,N4ZKE2038C0421
322,867584039463919,N4ZKE2038C0429
323,867584039457325,N4ZKE2038C0431
324,867584039497768,N4ZKE2038C0433
325,867584039505016,N4ZKE2038C0435
326,867584035493670,N4ZKE2038C0437
327,867584039455469,N4ZKE2038C0438
328,867584039503177,N4ZKE2038C0439
329,867584039472894,N4ZKE2038C0442
330,867584038116971,N4ZKE2038C0445
331,867584035500060,N4ZKE2038C0446
332,867584039461517,N4ZKE2038C0447
333,861123059055002,N4ZKE2038C0451
334,867584039472993,N4ZKE2038C0453
335,867584039500652,N4ZKE2038C0455
336,867584039464388,N4ZKE2038C0463
337,867584039464305,N4ZKE2038C0466
338,861123059547859,N4ZKE2038C0469
339,867584035167076,N4ZKE2038C0470
340,867584038025933,N4ZKE2038C0472
341,867584038921420,N4ZKE2038C0473
342,861123059146850,N4ZKE2038C0475
343,860537060624145,N4ZKE2038C0479
344,861123059088201,N4ZKE2038C0480
345,867584039496067,N4ZKE2038C0482
346,860537060624848,N4ZKE2038C0491
347,867584039500082,N4ZKE2038C0495
348,867584039496836,N4ZKE2038C0500
349,867584039466490,N4ZKE2038C0502
350,867584039473058,N4ZKE2038C0508
351,867584031356087,N4ZKE2038C0509
352,867584038017831,N4ZKE2038C0514
353,867584039472498,N4ZKE2038C0519
354,867584039453829,N4ZKE2038C0522
355,867584039462390,N4ZKE2038C0525
356,867584039524603,N4ZKE2038C0527
357,867584039502393,N4ZKE2038C0528
358,867584039495580,N4ZKE2038C0530
359,867584038117250,N4ZKE2038C0533
360,867584035504047,N4ZKE2038C0535
361,867584039509026,N4ZKE2038C0537
362,867584039499467,N4ZKE2038C0538
363,867584039496059,N4ZKE2038C0542
364,861123059054989,N4ZKE2038C0543
365,867584039462077,N4ZKE2038C0547
366,867584037886194,N4ZKE2038C0549
367,867584039503607,N4ZKE2038C0551
368,867584039511105,N4ZKE2038C0552
369,867584038025453,N4ZKF2036C0009
370,867584038118407,N4ZKF2036C0010
371,867584038099987,N4ZKF2036C0014
372,867584038102641,N4ZKF2036C0015
373,867584038020512,N4ZKF2036C0017
374,867584038082140,N4ZKF2036C0019
375,867584038025677,N4ZKF2036C0020
376,860537060623923,N4ZKF2036C0022
377,867584038110446,N4ZKF2036C0024
378,867584038021841,N4ZKF2036C0027
379,867584038016783,N4ZKF2036C0028
380,867584038110636,N4ZKF2036C0035
381,861123051043162,N4ZKF2036C0036
382,867584038111782,N4ZKF2036C0040
383,867584039460543,N4ZKF2036C0041
384,867584038145731,N4ZKF2036C0044
385,867584035500110,N4ZKF2036C0045
386,861123059076768,N4ZKF2036C0050
387,867584037359366,N4ZKF2036C0052
388,867584038116427,N4ZKF2036C0053
389,867584038118837,N4ZKF2036C0055
390,867584038141623,N4ZKF2036C0056
391,867584037896573,N4ZKF2036C0058
392,867584038148867,N4ZKF2036C0060
393,867584038109950,N4ZKF2036C0064
394,861123059559375,N4ZKF2036C0074
395,867584038022948,N4ZKF2036C0078
396,867584038103854,N4ZKF2036C0079
397,867584038114869,N4ZKF2036C0080
398,867584038109745,N4ZKF2036C0085
399,861123059079192,N4ZKF2036C0086
400,867584034693734,N4ZKF2036C0088
